,Código Município Completo,Código CNES,UF_acronym,UF,Nome_UF,co_ibge6,Nome_Município,Cód. da MacroRegional,Unidade Sentinela,Tipo de Unidade,Status,Início,Fim,ones,Mesorregião Geográfica,Nome_Mesorregião,Microrregião Geográfica,Nome_Microrregião,date,year,2022,flag_cap
0,1100023,102091,RO,11,Rondônia,110002,Ariquemes,1102,UNIDADE DE TERAPIA INTENSIVA UTI CAR,SG / SRAG,Ativo,08/07/2020,,1,2,Leste Rondoniense,3,Ariquemes,2020-08-07,2020,96833,0
1,1100023,2494191,RO,11,Rondônia,110002,Ariquemes,1102,CENTRO DE SAUDE SETOR 09 ARIQUEMES,SG / SRAG,Ativo,08/07/2020,,1,2,Leste Rondoniense,3,Ariquemes,2020-08-07,2020,96833,0
2,1100205,2493896,RO,11,Rondônia,110020,Porto Velho,1102,HOSPITAL INFANTIL COSME E DAMIAO PORTO VELHO,SG / SRAG,Ativo,29/12/2013,,1,1,Madeira-Guaporé,1,Porto Velho,2013-12-29,2013,460413,1
3,1100205,4001028,RO,11,Rondônia,110020,Porto Velho,1102,PRONTO ATENDIMENTO ANA ADELAIDE,SG / SRAG,Ativo,22/02/2018,,1,1,Madeira-Guaporé,1,Porto Velho,2018-02-22,2018,460413,1
4,1100205,2552914,RO,11,Rondônia,110020,Porto Velho,1102,CENTRO DE ESPECIALIDADES MEDICAS DR ALFREDO SILVA,SG,Ativo,08/07/2020,,1,1,Madeira-Guaporé,1,Porto Velho,2020-08-07,2020,460413,1
5,1100205,2496461,RO,11,Rondônia,110020,Porto Velho,1102,UPA ZONA LESTE,SG / SRAG,Ativo,08/07/2020,,1,1,Madeira-Guaporé,1,Porto Velho,2020-08-07,2020,460413,1
6,1100205,2680017,RO,11,Rondônia,110020,Porto Velho,1102,UPA ZONA SUL,SG / SRAG,Ativo,08/07/2020,,1,1,Madeira-Guaporé,1,Porto Velho,2020-08-07,2020,460413,1
7,1100304,2789396,RO,11,Rondônia,110030,Vilhena,1101,UNIDADE BASICA DE SAUDE AFONSO MANSUR DE FRANCA,SG / SRAG,Ativo,08/07/2020,,1,2,Leste Rondoniense,7,Vilhena,2020-08-07,2020,95832,0
8,1200104,2001500,AC,12,Acre,120010,Brasiléia,1201,HOSPITAL DE CLINICAS RAIMUNDO CHAAR,SG / SRAG,Ativo,12/05/2013,,1,2,Vale do Acre,5,Brasiléia,2013-12-05,2013,26000,0
9,1200203,9966501,AC,12,Acre,120020,Cruzeiro do Sul,1201,UPA DO VALE DO JURUA JAQUES PEREIRA BRAGA,SG / SRAG,Ativo,22/04/2020,,1,1,Vale do Juruá,1,Cruzeiro do Sul,2020-04-22,2020,91888,0
10,1200401,6439837,AC,12,Acre,120040,Rio Branco,1201,UPA 24 HORAS DO 2 DISTRITO,SG / SRAG,Ativo,12/05/2013,,1,2,Vale do Acre,4,Rio Branco,2013-12-05,2013,364756,1
11,1300300,2013045,AM,13,Amazonas,130030,Autazes,1304,UNIDADE HOSPITALAR DE AUTAZES,SG / SRAG,Ativo,24/04/2020,,1,3,Centro Amazonense,7,Manaus,2020-04-24,2020,41582,0
12,1300805,2012383,AM,13,Amazonas,130080,Borba,1303,HOSPITAL DE BORBA VO MUNDOCA,SG / SRAG,Ativo,14/03/2019,,1,4,Sul Amazonense,13,Madeira,2019-03-14,2019,33056,0
13,1301100,200905,AM,13,Amazonas,130110,Careiro,1304,CENTRO DE ATENDIMENTO DARCY DANTAS DOURADO,SG,Ativo,25/05/2022,,1,3,Centro Amazonense,7,Manaus,2022-05-25,2022,30792,0
14,1301209,2018136,AM,13,Amazonas,130120,Coari,1304,HOSPITAL REGIONAL DE COARI PREF DR ODAIR CARLOS GERALDO,SG / SRAG,Ativo,18/03/2019,,1,3,Centro Amazonense,6,Coari,2019-03-18,2019,70496,0
15,1301407,2016397,AM,13,Amazonas,130140,Eirunepé,1302,UNIDADE HOSPITALAR DE EIRUNEPE,SG / SRAG,Ativo,24/04/2020,,1,2,Sudoeste Amazonense,4,Juruá,2020-04-24,2020,33170,0
16,1301852,2012839,AM,13,Amazonas,130185,Iranduba,1304,UNIDADE HOSPITALAR DE IRANDUBA,SG / SRAG,Ativo,14/04/2020,,1,3,Centro Amazonense,7,Manaus,2020-04-14,2020,60993,0
17,1301902,2016923,AM,13,Amazonas,130190,Itacoatiara,1303,HOSPITAL REGIONAL JOSE MENDES,SG / SRAG,Ativo,01/03/2019,,1,3,Centro Amazonense,9,Itacoatiara,2019-01-03,2019,103598,0
18,1302405,2012618,AM,13,Amazonas,130240,Lábrea,1304,UNIDADE HOSPITALAR DE LABREA,SG / SRAG,Ativo,30/04/2020,,1,4,Sul Amazonense,12,Purus,2020-04-30,2020,45448,0
19,1302504,2013258,AM,13,Amazonas,130250,Manacapuru,1304,HOSPITAL GERAL DE MANACAPURU,SG / SRAG,Ativo,21/03/2019,,1,3,Centro Amazonense,7,Manaus,2019-03-21,2019,101883,0
20,1302603,2013649,AM,13,Amazonas,130260,Manaus,1304,HOSPITAL PRONTO SOCORRO 28 DE AGOSTO,SG / SRAG,Ativo,10/04/2013,,1,3,Centro Amazonense,7,Manaus,2013-10-04,2013,2063547,1
21,1302603,2012472,AM,13,Amazonas,130260,Manaus,1304,HOSPITAL E PRONTO SOCORRO DA CRIANCA ZONA SUL,SG / SRAG,Ativo,10/04/2013,,1,3,Centro Amazonense,7,Manaus,2013-10-04,2013,2063547,1
22,1302603,2018071,AM,13,Amazonas,130260,Manaus,1304,HOSPITAL E P S DA CRIANCA DA ZONA OESTE,SG / SRAG,Ativo,24/02/2014,,1,3,Centro Amazonense,7,Manaus,2014-02-24,2014,2063547,1
23,1302603,2017245,AM,13,Amazonas,130260,Manaus,1304,HOSPITAL ADVENTISTA DE MANAUS,SG / SRAG,Ativo,02/07/2014,,1,3,Centro Amazonense,7,Manaus,2014-02-07,2014,2063547,1
24,1302603,7564546,AM,13,Amazonas,130260,Manaus,1304,HOSPITAL E PRONTO SOCORRO DA ZONA NORTE DELPHINA AZIZ,SG / SRAG,Ativo,04/08/2015,,1,3,Centro Amazonense,7,Manaus,2015-04-08,2015,2063547,1
25,1302603,5169976,AM,13,Amazonas,130260,Manaus,1304,HOSPITAL E PRONTO SOCORRO DR ARISTOTELES PLATAO B DE ARAUJO,SG / SRAG,Ativo,05/08/2015,,1,3,Centro Amazonense,7,Manaus,2015-05-08,2015,2063547,1
26,1302603,2012030,AM,13,Amazonas,130260,Manaus,1304,HOSPITAL E P S DA CRIANCA DA ZONA LESTE,SG / SRAG,Ativo,28/12/2018,,1,3,Centro Amazonense,7,Manaus,2018-12-28,2018,2063547,1
27,1302603,2019558,AM,13,Amazonas,130260,Manaus,1304,MATERNIDADE BALBINA MESTRINHO,SG / SRAG,Ativo,28/12/2018,,1,3,Centro Amazonense,7,Manaus,2018-12-28,2018,2063547,1
28,1302603,3151794,AM,13,Amazonas,130260,Manaus,1304,MATERNIDADE DE REFERENCIA ANA BRAGA,SG / SRAG,Ativo,28/12/2018,,1,3,Centro Amazonense,7,Manaus,2018-12-28,2018,2063547,1
29,1302603,9634738,AM,13,Amazonas,130260,Manaus,1304,UPA 24HS JOSE RODRIGUES,SG / SRAG,Ativo,08/03/2019,,1,3,Centro Amazonense,7,Manaus,2019-08-03,2019,2063547,1
30,1302702,2014688,AM,13,Amazonas,130270,Manicoré,1303,UNIDADE HOSPITALAR DE MANICORE,SG / SRAG,Ativo,15/04/2020,,1,4,Sul Amazonense,13,Madeira,2020-04-15,2020,53914,0
31,1302900,2018144,AM,13,Amazonas,130290,Maués,1303,HOSPITAL DE MAUES DONA MUNDIQUINHA,SG / SRAG,Ativo,24/04/2020,,1,3,Centro Amazonense,10,Parintins,2020-04-24,2020,61204,0
32,1303403,3210243,AM,13,Amazonas,130340,Parintins,1303,HOSPITAL REGIONAL DR JOFRE DE MATOS COHEN,SG / SRAG,Ativo,18/03/2019,,1,3,Centro Amazonense,10,Parintins,2019-03-18,2019,96372,0
33,1303536,2013320,AM,13,Amazonas,130353,Presidente Figueiredo,1304,HOSPITAL GERAL ERALDO NEVES FALCAO,SG / SRAG,Ativo,30/04/2020,,1,3,Centro Amazonense,8,Rio Preto da Eva,2020-04-30,2020,30668,0
34,1303569,2708930,AM,13,Amazonas,130356,Rio Preto da Eva,1304,UNIDADE HOSPITALAR DE RIO PRETO DA EVA,SG / SRAG,Ativo,27/04/2020,,1,3,Centro Amazonense,8,Rio Preto da Eva,2020-04-27,2020,24936,0
35,1303809,3020371,AM,13,Amazonas,130380,São Gabriel da Cachoeira,1304,UNIDADE BASICA DE SAUDE DR ALBINO COUTO,SG,Ativo,25/05/2022,,1,1,Norte Amazonense,1,Rio Negro,2022-05-25,2022,51795,0
36,1304062,7459750,AM,13,Amazonas,130406,Tabatinga,1302,UNIDADE HOSPITALAR DE TABATINGA,SG / SRAG,Ativo,01/10/2019,,1,2,Sudoeste Amazonense,3,Alto Solimões,2019-01-10,2019,66764,0
37,1304203,2016141,AM,13,Amazonas,130420,Tefé,1302,HOSPITAL REGIONAL DE TEFE,SG / SRAG,Ativo,20/03/2019,,1,3,Centro Amazonense,5,Tefé,2019-03-20,2019,73669,0
39,1400100,2320681,RR,14,Roraima,140010,Boa Vista,1401,HOSPITAL DA CRIANCA SANTO ANTONIO,SG / SRAG,Ativo,09/04/2013,,1,1,Norte de Roraima,1,Boa Vista,2013-09-04,2013,413486,1
40,1400100,2319659,RR,14,Roraima,140010,Boa Vista,1401,HOSPITAL GERAL DE RORAIMA HGR,SG / SRAG,Ativo,09/04/2013,,1,1,Norte de Roraima,1,Boa Vista,2013-09-04,2013,413486,1
41,1400100,2320665,RR,14,Roraima,140010,Boa Vista,1401,CASA DE SAUDE INDIGENA YANOMAMI,SG / SRAG,Ativo,28/12/2018,,1,1,Norte de Roraima,1,Boa Vista,2018-12-28,2018,413486,1
42,1400100,2566168,RR,14,Roraima,140010,Boa Vista,1401,HOSPITAL MATERNO INFANTIL N SRA DE NAZARETH,SG / SRAG,Ativo,28/12/2018,,1,1,Norte de Roraima,1,Boa Vista,2018-12-28,2018,413486,1
43,1400100,6185177,RR,14,Roraima,140010,Boa Vista,1401,HOSPITAL UNIMED DE BOA VISTA,SG / SRAG,Ativo,21/05/2019,,1,1,Norte de Roraima,1,Boa Vista,2019-05-21,2019,413486,1
44,1400100,7521251,RR,14,Roraima,140010,Boa Vista,1401,HOSPITAL LOTTY IRIS,SG / SRAG,Ativo,21/05/2019,,1,1,Norte de Roraima,1,Boa Vista,2019-05-21,2019,413486,1
45,1400100,145742,RR,14,Roraima,140010,Boa Vista,1401,HOSPITAL ESTADUAL DE RETAGUARDA COVID 19,SG / SRAG,Ativo,01/07/2020,,1,1,Norte de Roraima,1,Boa Vista,2020-01-07,2020,413486,1
46,1400100,5788013,RR,14,Roraima,140010,Boa Vista,1401,DIVISAO DE VIGILANCIA EPIDEMIOLOGICA,SG / SRAG,Ativo,01/01/2020,,1,1,Norte de Roraima,1,Boa Vista,2020-01-01,2020,413486,1
47,1400100,860638,RR,14,Roraima,140010,Boa Vista,1401,HOSPITAL HELIO MACEDO,SG / SRAG,Ativo,29/11/2021,,1,1,Norte de Roraima,1,Boa Vista,2021-11-29,2021,413486,1
48,1400159,2320045,RR,14,Roraima,140015,Bonfim,1401,HOSPITAL PEDRO ALVARO RODRIGUES,SG / SRAG,Ativo,17/02/2022,,1,1,Norte de Roraima,2,Nordeste de Roraima,2022-02-17,2022,13897,0
50,1400456,2476827,RR,14,Roraima,140045,Pacaraima,1401,HOSPITAL DELIO DE OLIVEIRA TUPINAMBA,SG / SRAG,Ativo,01/02/2021,,1,1,Norte de Roraima,1,Boa Vista,2021-01-02,2021,19305,0
51,1400472,7470371,RR,14,Roraima,140047,Rorainópolis,1401,HOSPITAL REGIONAL SUL GOVERNADOR OTTOMAR DE SOUZA PINTO,SG / SRAG,Ativo,01/03/2020,,1,2,Sul de Roraima,4,Sudeste de Roraima,2020-01-03,2020,32647,0
52,1501402,9020284,PA,15,Pará,150140,Belém,1512,UPA DASAC,SG / SRAG,Ativo,28/12/2018,,1,3,Metropolitana de Belém,7,Belém,2018-12-28,2018,1303389,1
53,1501402,2334305,PA,15,Pará,150140,Belém,1512,UNIDADE MUNICIPAL DE SAUDE VILA DA BARCA,SG,Ativo,01/11/2020,,1,3,Metropolitana de Belém,7,Belém,2020-01-11,2020,1303389,1
54,1501402,2334259,PA,15,Pará,150140,Belém,1512,UNIDADE MUNICIPAL DE SAUDE DO GUAMA,SG,Ativo,01/11/2020,,1,3,Metropolitana de Belém,7,Belém,2020-01-11,2020,1303389,1
55,1501402,2340844,PA,15,Pará,150140,Belém,1512,UNIDADE MUNICIPAL DE SAUDE DO TAPANA,SG,Ativo,01/11/2020,,1,3,Metropolitana de Belém,7,Belém,2020-01-11,2020,1303389,1
56,1600279,2020076,AP,16,Amapá,160027,Laranjal do Jari,1601,SES AP HOSPITAL ESTADUAL DE LARANJAL DO JARI,SG / SRAG,Ativo,31/05/2019,,1,2,Sul do Amapá,4,Mazagão,2019-05-31,2019,35114,0
57,1600303,2019647,AP,16,Amapá,160030,Macapá,1601,SES AP HOSPITAL DA CRIANCA E DO ADOLESCENTE,SG / SRAG,Ativo,15/12/2013,,1,2,Sul do Amapá,3,Macapá,2013-12-15,2013,442933,1
58,1600303,2020653,AP,16,Amapá,160030,Macapá,1601,SES AP HOSPITAL DE EMERGENCIA,SG / SRAG,Ativo,15/12/2013,,1,2,Sul do Amapá,3,Macapá,2013-12-15,2013,442933,1
59,1600303,2020890,AP,16,Amapá,160030,Macapá,1601,HOSPITAL SAO CAMILO E SAO LUIS,SG / SRAG,Ativo,28/12/2018,,1,2,Sul do Amapá,3,Macapá,2018-12-28,2018,442933,1
60,1600501,2021463,AP,16,Amapá,160050,Oiapoque,1601,SES AP HOSPITAL ESTADUAL DE OIAPOQUE,SG / SRAG,Ativo,11/02/2020,,1,1,Norte do Amapá,1,Oiapoque,2020-11-02,2020,27482,0
61,1721000,2755289,TO,17,Tocantins,172100,Palmas,1702,UNIDADE DE PRONTO ATENDIMENTO NORTE,SG / SRAG,Ativo,21/04/2013,,1,2,Oriental do Tocantins,6,Porto Nacional,2013-04-21,2013,302692,1
62,1721000,2492555,TO,17,Tocantins,172100,Palmas,1702,UNIDADE DE PRONTO ATENDIMENTO SUL,SG / SRAG,Ativo,03/03/2013,,1,2,Oriental do Tocantins,6,Porto Nacional,2013-03-03,2013,302692,1
63,2111300,2458799,MA,21,Maranhão,211130,São Luís,2110,HOSPITAL DA CRIANCA DR ODORICO AMARAL DE MATOS,SG / SRAG,Ativo,25/06/2013,,1,1,Norte Maranhense,2,Aglomeração Urbana de São Luís,2013-06-25,2013,1037775,1
64,2111300,2456907,MA,21,Maranhão,211130,São Luís,2110,UNIDADE MISTA DE SAO BERNARDO,SG / SRAG,Ativo,25/06/2013,,1,1,Norte Maranhense,2,Aglomeração Urbana de São Luís,2013-06-25,2013,1037775,1
65,2211001,2679663,PI,22,Piauí,221100,Teresina,2208,UNIDADE DE PRONTO ATENDIMENTO 24 HORAS UPA PROMORAR,SG / SRAG,Ativo,19/05/2013,,1,2,Centro-Norte Piauiense,3,Teresina,2013-05-19,2013,866300,1
66,2211001,2679647,PI,22,Piauí,221100,Teresina,2208,UNIDADE DE SAUDE BUENOS AIRES,SG / SRAG,Ativo,01/01/2013,,1,2,Centro-Norte Piauiense,3,Teresina,2013-01-01,2013,866300,1
67,2303709,2562316,CE,23,Ceará,230370,Caucaia,2310,HOSP MUN ABELARDO GADELHA DA ROCHA,SG / SRAG,Ativo,01/06/2013,,1,3,Metropolitana de Fortaleza,16,Fortaleza,2013-01-06,2013,355679,0
68,2304400,2415593,CE,23,Ceará,230440,Fortaleza,2310,UAPS CARLOS RIBEIRO,SG / SRAG,Ativo,01/06/2013,,1,3,Metropolitana de Fortaleza,16,Fortaleza,2013-01-06,2013,2428678,1
69,2304400,2563681,CE,23,Ceará,230440,Fortaleza,2310,HIAS HOSPITAL INFANTIL ALBERT SABIN,SG / SRAG,Ativo,01/03/2013,,1,3,Metropolitana de Fortaleza,16,Fortaleza,2013-01-03,2013,2428678,1
70,2304400,2526638,CE,23,Ceará,230440,Fortaleza,2310,SOPAI HOSPITAL INFANTIL,SG / SRAG,Ativo,28/12/2018,,1,3,Metropolitana de Fortaleza,16,Fortaleza,2018-12-28,2018,2428678,1
71,2304400,6985483,CE,23,Ceará,230440,Fortaleza,2310,UNIDADE PRONTO ATENDIMENTO PRAIA DO FUTURO,SG / SRAG,Ativo,28/12/2018,,1,3,Metropolitana de Fortaleza,16,Fortaleza,2018-12-28,2018,2428678,1
72,2304400,2528754,CE,23,Ceará,230440,Fortaleza,2310,UAPS ANASTACIO MAGALHAES,SG / SRAG,Ativo,04/05/2020,,1,3,Metropolitana de Fortaleza,16,Fortaleza,2020-04-05,2020,2428678,1
73,2304400,2561204,CE,23,Ceará,230440,Fortaleza,2310,UAPS MELO JABORANDI,SG,Ativo,20/06/2022,,1,3,Metropolitana de Fortaleza,16,Fortaleza,2022-06-20,2022,2428678,1
74,2304400,2482266,CE,23,Ceará,230440,Fortaleza,2310,UAPS DOM ALOISIO LORSCHEIDER,SG,Ativo,20/06/2022,,1,3,Metropolitana de Fortaleza,16,Fortaleza,2022-06-20,2022,2428678,1
75,2304400,2482096,CE,23,Ceará,230440,Fortaleza,2310,UAPS JOSE PARACAMPOS,SG,Ativo,20/06/2022,,1,3,Metropolitana de Fortaleza,16,Fortaleza,2022-06-20,2022,2428678,1
76,2304400,2528916,CE,23,Ceará,230440,Fortaleza,2310,UAPS AIDA SANTOS,SG,Ativo,22/06/2022,,1,3,Metropolitana de Fortaleza,16,Fortaleza,2022-06-22,2022,2428678,1
77,2304400,407836,CE,23,Ceará,230440,Fortaleza,2310,UAPS CDFAM GILMARIO TEIXEIRA,SG,Ativo,06/03/2023,,1,3,Metropolitana de Fortaleza,16,Fortaleza,2023-06-03,2023,2428678,1
78,2307304,6779522,CE,23,Ceará,230730,Juazeiro do Norte,2308,HOSPITAL REGIONAL DO CARIRI,SG / SRAG,Ativo,28/12/2018,,1,7,Sul Cearense,32,Cariri,2018-12-28,2018,286120,0
79,2307601,2529556,CE,23,Ceará,230760,Limoeiro do Norte,2306,HOSP MUNIC DR DEOCLECIO LIMA VERDE,SG / SRAG,Ativo,14/05/2019,,1,5,Jaguaribe,23,Baixo Jaguaribe,2019-05-14,2019,59560,0
80,2311405,7061021,CE,23,Ceará,231140,Quixeramobim,2307,HOSPITAL REGIONAL DO SERTAO CENTRAL,SG / SRAG,Ativo,28/12/2018,,1,4,Sertões Cearenses,19,Sertão de Quixeramobim,2018-12-28,2018,82122,0
81,2312908,6848710,CE,23,Ceará,231290,Sobral,2309,HOSPITAL REGIONAL NORTE,SG / SRAG,Ativo,28/12/2018,,1,1,Noroeste Cearense,5,Sobral,2018-12-28,2018,203023,0
82,2408102,3708926,RN,24,Rio Grande do Norte,240810,Natal,2402,HOSPITAL MUNICIPAL DE NATAL,SG / SRAG,Ativo,05/12/2014,,1,4,Leste Potiguar,18,Natal,2014-05-12,2014,751300,1
83,2408102,6531288,RN,24,Rio Grande do Norte,240810,Natal,2402,UPA 24H DE PAJUCARA,SG / SRAG,Ativo,28/12/2018,,1,4,Leste Potiguar,18,Natal,2018-12-28,2018,751300,1
84,2504009,7052251,PB,25,Paraíba,250400,Campina Grande,2502,UPA 24 HORAS DR MAIA,SG,Ativo,28/12/2018,,1,3,Agreste Paraibano,17,Campina Grande,2018-12-28,2018,419379,0
85,2507507,6940315,PB,25,Paraíba,250750,João Pessoa,2503,UNIDADE DE PRONTO ATENDIMENTO OCEANIA,SG / SRAG,Ativo,02/06/2013,,1,4,Mata Paraibana,22,João Pessoa,2013-02-06,2013,833932,1
86,2507507,2399636,PB,25,Paraíba,250750,João Pessoa,2503,HOSPITAL MUNICIPAL VALENTINA,SG / SRAG,Ativo,13/04/2014,,1,4,Mata Paraibana,22,João Pessoa,2014-04-13,2014,833932,1
87,2507507,9132686,PB,25,Paraíba,250750,João Pessoa,2503,UPA CRUZ DAS ARMAS,SG / SRAG,Ativo,10/07/2020,,1,4,Mata Paraibana,22,João Pessoa,2020-10-07,2020,833932,1
88,2600104,2428385,PE,26,Pernambuco,260010,Afogados da Ingazeira,2606,HOSPITAL REGIONAL EMILIA CAMARA,SG / SRAG,Ativo,28/12/2018,,1,1,Sertão Pernambucano,3,Pajeú,2018-12-28,2018,40241,0
89,2601201,2551764,PE,26,Pernambuco,260120,Arcoverde,2606,HOSPITAL REGIONAL RUY DE BARROS CORREIA,SG / SRAG,Ativo,28/12/2018,,1,1,Sertão Pernambucano,4,Sertão do Moxotó,2018-12-28,2018,77586,0
90,2604106,6631819,PE,26,Pernambuco,260410,Caruaru,2608,UPA CARUARU,SG / SRAG,Ativo,28/12/2018,,1,3,Agreste Pernambucano,8,Vale do Ipojuca,2018-12-28,2018,378052,0
91,2606002,2702983,PE,26,Pernambuco,260600,Garanhuns,2608,HOSPITAL REGIONAL DOM MOURA,SG / SRAG,Ativo,17/07/2019,,1,3,Agreste Pernambucano,11,Garanhuns,2019-07-17,2019,142506,0
92,2606200,2711885,PE,26,Pernambuco,260620,Goiana,2607,HOSPITAL BELARMINO CORREIA,SG / SRAG,Ativo,28/12/2018,,1,4,Mata Pernambucana,13,Mata Setentrional Pernambucana,2018-12-28,2018,81042,0
93,2607901,2711990,PE,26,Pernambuco,260790,Jaboatão dos Guararapes,2607,HOSPITAL JABOATAO PRAZERES,SG / SRAG,Ativo,26/05/2013,,1,5,Metropolitana de Recife,17,Recife,2013-05-26,2013,643759,0
94,2608909,2712032,PE,26,Pernambuco,260890,Limoeiro,2607,HOSPITAL REGIONAL DE LIMOEIRO JOSE FERNANDES SALSA,SG / SRAG,Ativo,28/12/2018,,1,3,Agreste Pernambucano,10,Médio Capibaribe,2018-12-28,2018,56510,0
95,2609600,2345021,PE,26,Pernambuco,260960,Olinda,2607,SPA OLINDA,SG / SRAG,Ativo,28/12/2018,,1,5,Metropolitana de Recife,17,Recife,2018-12-28,2018,349976,0
96,2609907,2712040,PE,26,Pernambuco,260990,Ouricuri,2605,HOSPITAL REGIONAL FERNANDO BEZERRA,SG / SRAG,Ativo,28/12/2018,,1,1,Sertão Pernambucano,1,Araripina,2018-12-28,2018,65245,0
97,2610004,2428393,PE,26,Pernambuco,261000,Palmares,2607,HOSPITAL REGIONAL DE PALMARES DR SILVIO MAGALHAES,SG / SRAG,Ativo,28/12/2018,,1,4,Mata Pernambucana,15,Mata Meridional Pernambucana,2018-12-28,2018,54584,0
98,2611101,2430711,PE,26,Pernambuco,261110,Petrolina,2605,HOSPITAL DOM MALAN,SG / SRAG,Ativo,28/12/2018,,1,2,São Francisco Pernambucano,5,Petrolina,2018-12-28,2018,386786,0
99,2611606,930,PE,26,Pernambuco,261160,Recife,2607,US 164 CENTRO DE REIDRATACAO E URG PED M CRAVO GAMA,SG / SRAG,Ativo,28/04/2013,,1,5,Metropolitana de Recife,17,Recife,2013-04-28,2013,1488920,1
101,2611606,671,PE,26,Pernambuco,261160,Recife,2607,US 153 POLICLINICA E MATERNIDADE ARNALDO MARQUES,SG,Ativo,05/05/2013,,1,5,Metropolitana de Recife,17,Recife,2013-05-05,2013,1488920,1
102,2611606,1120,PE,26,Pernambuco,261160,Recife,2607,REAL HOSPITAL PORTUGUES,SG / SRAG,Ativo,13/06/2016,,1,5,Metropolitana de Recife,17,Recife,2016-06-13,2016,1488920,1
103,2611606,531,PE,26,Pernambuco,261160,Recife,2607,US 159 POLICLINICA AGAMENON MAGALHAES,SG / SRAG,Ativo,28/12/2018,,1,5,Metropolitana de Recife,17,Recife,2018-12-28,2018,1488920,1
104,2611606,20516,PE,26,Pernambuco,261160,Recife,2607,US 167 POLICLINICA E MATERNIDADE PROFESSOR BARROS LIMA,SG / SRAG,Ativo,28/12/2018,,1,5,Metropolitana de Recife,17,Recife,2018-12-28,2018,1488920,1
105,2611606,604,PE,26,Pernambuco,261160,Recife,2607,US 169 POLICLINICA AMAURY COUTINHO,SG,Ativo,09/01/2019,,1,5,Metropolitana de Recife,17,Recife,2019-09-01,2019,1488920,1
106,2611606,1015,PE,26,Pernambuco,261160,Recife,2607,US 163 HOSPITAL DE PEDIATRIA HELENA MOURA,SG / SRAG,Ativo,30/07/2019,,1,5,Metropolitana de Recife,17,Recife,2019-07-30,2019,1488920,1
107,2612208,2356287,PE,26,Pernambuco,261220,Salgueiro,2605,HOSPITAL REGIONAL INACIO DE SA,SG / SRAG,Ativo,28/12/2018,,1,1,Sertão Pernambucano,2,Salgueiro,2018-12-28,2018,62372,0
108,2613909,2348489,PE,26,Pernambuco,261390,Serra Talhada,2606,HOSPITAL PROFESSOR AGAMENON MAGALHAES,SG / SRAG,Ativo,28/12/2018,,1,1,Sertão Pernambucano,3,Pajeú,2018-12-28,2018,92228,0
109,2700300,2004798,AL,27,Alagoas,270030,Arapiraca,2703,III CENTRO DE SAUDE,SG / SRAG,Ativo,02/03/2020,,1,2,Agreste Alagoano,6,Arapiraca,2020-02-03,2020,234696,0
110,2700300,990221,AL,27,Alagoas,270030,Arapiraca,2703,UPA NOEL MACEDO DE MELO,SG / SRAG,Ativo,01/01/2022,,1,2,Agreste Alagoano,6,Arapiraca,2022-01-01,2022,234696,0
111,2702306,7471645,AL,27,Alagoas,270230,Coruripe,2704,UPA TIPO 3 NOVA 24 HORAS,SG / SRAG,Ativo,02/03/2020,,1,3,Leste Alagoano,12,São Miguel dos Campos,2020-02-03,2020,50414,0
112,2702405,7641117,AL,27,Alagoas,270240,Delmiro Gouveia,2703,UPA DR ULISSES LUNA,SG / SRAG,Ativo,03/02/2020,,1,1,Sertão Alagoano,2,Alagoana do Sertão do São Francisco,2020-03-02,2020,51319,0
113,2702405,806285,AL,27,Alagoas,270240,Delmiro Gouveia,2703,HOSPITAL REGIONAL DO ALTO SERTAO,SG / SRAG,Ativo,01/06/2021,,1,1,Sertão Alagoano,2,Alagoana do Sertão do São Francisco,2021-01-06,2021,51319,0
114,2704302,2008750,AL,27,Alagoas,270430,Maceió,2704,UPA 24 HORAS GALBA NOVAES DE CASTRO,SG / SRAG,Ativo,27/07/2014,,1,3,Leste Alagoano,11,Maceió,2014-07-27,2014,957916,1
115,2704302,2008785,AL,27,Alagoas,270430,Maceió,2704,UPA 24 HORAS DR ISMAR GATTO,SG / SRAG,Ativo,03/08/2014,,1,3,Leste Alagoano,11,Maceió,2014-03-08,2014,957916,1
116,2704302,7911238,AL,27,Alagoas,270430,Maceió,2704,UPA TRAPICHE DA BARRA,SG / SRAG,Ativo,03/02/2020,,1,3,Leste Alagoano,11,Maceió,2020-03-02,2020,957916,1
117,2704302,9056971,AL,27,Alagoas,270430,Maceió,2704,UPA BENEDITO BENTES,SG / SRAG,Ativo,01/01/2020,,1,3,Leste Alagoano,11,Maceió,2020-01-01,2020,957916,1
118,2704302,937495,AL,27,Alagoas,270430,Maceió,2704,UPA JARAGUA,SG / SRAG,Ativo,01/01/2021,,1,3,Leste Alagoano,11,Maceió,2021-01-01,2021,957916,1
119,2704302,902179,AL,27,Alagoas,270430,Maceió,2704,UPA CIDADE UNIVERSITARIA,SG / SRAG,Ativo,01/09/2021,,1,3,Leste Alagoano,11,Maceió,2021-01-09,2021,957916,1
120,2704302,2008769,AL,27,Alagoas,270430,Maceió,2704,UPA DR CLAUDIO COSTA,SG / SRAG,Ativo,01/06/2022,,1,3,Leste Alagoano,11,Maceió,2022-01-06,2022,957916,1
121,2704500,7916043,AL,27,Alagoas,270450,Maragogi,2704,UPA SANTO ANTONIO,SG / SRAG,Ativo,05/04/2020,,1,3,Leste Alagoano,10,Litoral Norte Alagoano,2020-05-04,2020,32174,0
122,2704708,7372116,AL,27,Alagoas,270470,Marechal Deodoro,2704,UPA 24 HORAS IRMA DULCE MARECHAL DEODORO AL,SG / SRAG,Ativo,06/04/2020,,1,3,Leste Alagoano,11,Maceió,2020-06-04,2020,60370,0
123,2706307,7481624,AL,27,Alagoas,270630,Palmeira dos Índios,2703,UNIDADE DE PRONTO ATENDIMENTO PALMEIRA DOS INDIOS,SG / SRAG,Ativo,03/02/2020,,1,2,Agreste Alagoano,5,Palmeira dos Índios,2020-03-02,2020,71574,0
124,2706703,7097794,AL,27,Alagoas,270670,Penedo,2704,UPA II ANTONIO DE JESUS,SG / SRAG,Ativo,13/04/2020,,1,3,Leste Alagoano,13,Penedo,2020-04-13,2020,58647,0
125,2708006,5616298,AL,27,Alagoas,270800,Santana do Ipanema,2703,HOSPITAL REGIONAL DR CLODOLFO RODRIGUES DE MELO,SG / SRAG,Ativo,01/01/2019,,1,1,Sertão Alagoano,3,Santana do Ipanema,2019-01-01,2019,46220,0
126,2708600,7996314,AL,27,Alagoas,270860,São Miguel dos Campos,2704,UPA 24H DR NAILSON TENORIO FERREIRA,SG / SRAG,Ativo,01/01/2020,,1,3,Leste Alagoano,12,São Miguel dos Campos,2020-01-01,2020,51990,0
127,2709400,7099185,AL,27,Alagoas,270940,Viçosa,2704,UNIDADE DE PRONTO ATENDIMENTO DR DEVID DISRAELI TORRES,SG / SRAG,Ativo,05/04/2020,,1,3,Leste Alagoano,8,Serrana dos Quilombos,2020-05-04,2020,24092,0
128,2800308,2816210,SE,28,Sergipe,280030,Aracaju,2801,HOSPITAL GOVERNADOR JOAO ALVES FILHO,SG / SRAG,Ativo,02/06/2013,,1,3,Leste Sergipano,11,Aracaju,2013-02-06,2013,602757,1
129,2800308,2372,SE,28,Sergipe,280030,Aracaju,2801,HOSPITAL MUNICIPAL ZONA SUL DES FERNANDO FRANCO,SG / SRAG,Ativo,05/01/2014,,1,3,Leste Sergipano,11,Aracaju,2014-05-01,2014,602757,1
130,2804805,90964,SE,28,Sergipe,280480,Nossa Senhora do Socorro,2801,UPA 24H VEREADOR JAIRO JOAQUIM DOS SANTOS,SG / SRAG,Ativo,14/10/2020,,1,3,Leste Sergipano,11,Aracaju,2020-10-14,2020,192330,0
131,2900702,2487438,BA,29,Bahia,290070,Alagoinhas,2914,HOSPITAL REGIONAL DANTAS BIAO,SG / SRAG,Ativo,01/05/2022,,1,4,Nordeste Baiano,17,Alagoinhas,2022-01-05,2022,151065,0
132,2903201,2659069,BA,29,Bahia,290320,Barreiras,2912,HOSPITAL MUNICIPAL EURICO DUTRA,SG / SRAG,Ativo,01/05/2022,,1,1,Extremo Oeste Baiano,1,Barreiras,2022-01-05,2022,159743,0
133,2910800,9470832,BA,29,Bahia,291080,Feira de Santana,2917,UPA 24 HS ELIZABETE DIAS MARQUES,SG / SRAG,Ativo,01/05/2020,,1,3,Centro Norte Baiano,12,Feira de Santana,2020-01-05,2020,616279,0
134,2913606,2939363,BA,29,Bahia,291360,Ilhéus,2910,UPA DA ESPERANCA,SG / SRAG,Ativo,05/07/2022,,1,7,Sul Baiano,31,Ilhéus-Itabuna,2022-05-07,2022,178703,0
135,2918407,7094647,BA,29,Bahia,291840,Juazeiro,2913,UPA DR JOAO OLIVEIRA,SG / SRAG,Ativo,01/05/2022,,1,2,Vale São-Franciscano da Bahia,4,Juazeiro,2022-01-05,2022,235816,0
136,2925303,7077149,BA,29,Bahia,292530,Porto Seguro,2916,UPA UNIDADE DE PRONTO ATENDIMENTO 24 HORAS FREI CALIXTO,SG / SRAG,Ativo,01/05/2022,,1,7,Sul Baiano,32,Porto Seguro,2022-01-05,2022,167955,0
137,2927408,4340,BA,29,Bahia,292740,Salvador,2915,UPA 24H DR HELIO MACHADO,SG / SRAG,Ativo,08/04/2013,,1,5,Metropolitana de Salvador,21,Salvador,2013-08-04,2013,2418005,1
138,2927408,28460,BA,29,Bahia,292740,Salvador,2915,PA PERNAMBUES EDSON T BARBOSA,SG / SRAG,Ativo,08/04/2013,,1,5,Metropolitana de Salvador,21,Salvador,2013-08-04,2013,2418005,1
139,2927408,4774,BA,29,Bahia,292740,Salvador,2915,UPA 24H PROF ADROALDO ALBERGARIA,SG / SRAG,Ativo,08/04/2013,,1,5,Metropolitana de Salvador,21,Salvador,2013-08-04,2013,2418005,1
140,2927408,7633149,BA,29,Bahia,292740,Salvador,2915,UPA 24H VALE DOS BARRIS,SG / SRAG,Ativo,31/12/2017,,1,5,Metropolitana de Salvador,21,Salvador,2017-12-31,2017,2418005,1
141,2927408,7033974,BA,29,Bahia,292740,Salvador,2915,PA ALFREDO BUREAU,SG / SRAG,Ativo,28/12/2018,,1,5,Metropolitana de Salvador,21,Salvador,2018-12-28,2018,2418005,1
142,2928703,156132,BA,29,Bahia,292870,Santo Antônio de Jesus,2915,UPA 24 HORAS ANTONIO REGINALDO FERNANDES DOS SANTOS,SG / SRAG,Ativo,01/05/2022,,1,5,Metropolitana de Salvador,20,Santo Antônio de Jesus,2022-01-05,2022,103055,0
143,3101607,2171988,MG,31,Minas Gerais,310160,Alfenas,3101,HOSPITAL UNIVERSITARIO ALZIRA VELANO,SG / SRAG,Ativo,28/06/2020,,1,10,Sul/Sudoeste de Minas,49,Alfenas,2020-06-28,2020,78970,0
144,3106200,22683,MG,31,Minas Gerais,310620,Belo Horizonte,3103,UNIDADE DE PRONTO ATENDIMENTO BARREIRO,SG / SRAG,Ativo,01/01/2013,,1,7,Metropolitana de Belo Horizonte,30,Belo Horizonte,2013-01-01,2013,2315560,1
145,3106200,23582,MG,31,Minas Gerais,310620,Belo Horizonte,3103,UNIDADE DE PRONTO ATENDIMENTO VENDA NOVA,SG / SRAG,Ativo,01/01/2013,,1,7,Metropolitana de Belo Horizonte,30,Belo Horizonte,2013-01-01,2013,2315560,1
146,3106200,23310,MG,31,Minas Gerais,310620,Belo Horizonte,3103,UNIDADE DE PRONTO ATENDIMENTO OESTE,SG / SRAG,Ativo,01/01/2013,,1,7,Metropolitana de Belo Horizonte,30,Belo Horizonte,2013-01-01,2013,2315560,1
147,3106200,23272,MG,31,Minas Gerais,310620,Belo Horizonte,3103,UNIDADE DE PRONTO ATENDIMENTO NORTE,SG / SRAG,Ativo,01/01/2013,,1,7,Metropolitana de Belo Horizonte,30,Belo Horizonte,2013-01-01,2013,2315560,1
148,3106200,27618,MG,31,Minas Gerais,310620,Belo Horizonte,3103,UNIDADE DE PRONTO ATENDIMENTO LESTE,SG / SRAG,Ativo,19/02/2017,,1,7,Metropolitana de Belo Horizonte,30,Belo Horizonte,2017-02-19,2017,2315560,1
149,3106606,7536313,MG,31,Minas Gerais,310660,Bertópolis,3111,UNIDADE BASICA DE SAUDE INDIGENA ALDEIA PRADINHO,SG,Ativo,07/07/2019,,1,4,Vale do Mucuri,16,Nanuque,2019-07-07,2019,4451,0
150,3106705,2126133,MG,31,Minas Gerais,310670,Betim,3103,UPA JOSE SABINO NETO TERESOPOLIS,SG / SRAG,Ativo,28/12/2018,,1,7,Metropolitana de Belo Horizonte,30,Belo Horizonte,2018-12-28,2018,411859,0
151,3118007,7951604,MG,31,Minas Gerais,311800,Congonhas,3102,UPA CONGONHAS,SG,Ativo,17/11/2021,,1,7,Metropolitana de Belo Horizonte,34,Conselheiro Lafaiete,2021-11-17,2021,52890,0
152,3118601,2189879,MG,31,Minas Gerais,311860,Contagem,3103,UNIDADE DE PRONTO ATENDIMENTO RESSACA UPA,SG / SRAG,Ativo,14/11/2021,,1,7,Metropolitana de Belo Horizonte,30,Belo Horizonte,2021-11-14,2021,621865,0
153,3119401,196347,MG,31,Minas Gerais,311940,Coronel Fabriciano,3114,UPA24H DR WALTER LUIZ WINTER MAIA CORONEL FABRICIANO,SG / SRAG,Ativo,22/11/2021,,1,8,Vale do Rio Doce,39,Ipatinga,2021-11-22,2021,104736,0
154,3121605,2135132,MG,31,Minas Gerais,312160,Diamantina,3104,SANTA CASA DE CARIDADE,SG / SRAG,Ativo,31/10/2021,,1,3,Jequitinhonha,10,Diamantina,2021-10-31,2021,47702,0
155,3122306,7469144,MG,31,Minas Gerais,312230,Divinópolis,3105,UPA 24 HORAS PADRE ROBERTO CORDEIRO MARTINS,SG / SRAG,Ativo,21/06/2020,,1,9,Oeste de Minas,43,Divinópolis,2020-06-21,2020,231091,0
156,3127701,2222043,MG,31,Minas Gerais,312770,Governador Valadares,3106,HOSPITAL MUNICIPAL,SG / SRAG,Ativo,12/09/2021,,1,8,Vale do Rio Doce,37,Governador Valadares,2021-12-09,2021,257172,0
157,3131307,2205440,MG,31,Minas Gerais,313130,Ipatinga,3114,HOSPITAL MARCIO CUNHA,SG / SRAG,Ativo,21/06/2020,,1,8,Vale do Rio Doce,39,Ipatinga,2020-06-21,2020,227731,0
158,3134202,2141213,MG,31,Minas Gerais,313420,Ituiutaba,3113,UNIDADE DE PRONTO ATENDIMENTO MUNICIPAL DE ITUIUTABA UPAMI,SG,Ativo,14/11/2021,,1,5,Triângulo Mineiro/Alto Paranaíba,17,Ituiutaba,2021-11-14,2021,102217,0
159,3139409,2855682,MG,31,Minas Gerais,313940,Manhuaçu,3110,UAI UNIDADE DE ATENDIMENTO INTERMEDIARIO,SG / SRAG,Ativo,30/10/2022,,1,12,Zona da Mata,61,Manhuaçu,2022-10-30,2022,91886,0
160,3143302,2218941,MG,31,Minas Gerais,314330,Montes Claros,3108,POLICLINICA DR CARLOS JOSE DO ESPIRITO SANTO ALTO SAO JOAO,SG,Ativo,21/06/2020,,1,2,Norte de Minas,7,Montes Claros,2020-06-21,2020,414240,0
161,3143906,4042085,MG,31,Minas Gerais,314390,Muriaé,3107,CASA DE CARIDADE DE MURIAE HOSPITAL SAO PAULO,SG / SRAG,Ativo,21/06/2020,,1,12,Zona da Mata,63,Muriaé,2020-06-21,2020,104108,0
162,3145901,2207664,MG,31,Minas Gerais,314590,Ouro Branco,3102,HOSPITAL RAIMUNDO CAMPOS,SG / SRAG,Ativo,17/11/2021,,1,7,Metropolitana de Belo Horizonte,34,Conselheiro Lafaiete,2021-11-17,2021,38724,0
163,3147006,2100754,MG,31,Minas Gerais,314700,Paracatu,3109,HOSPITAL MUNICIPAL DE PARACATU,SG / SRAG,Ativo,12/07/2020,,1,1,Noroeste de Minas,2,Paracatu,2020-12-07,2020,94017,0
164,3152501,2127989,MG,31,Minas Gerais,315250,Pouso Alegre,3101,HOSPITAL DAS CLIN SAMUEL LIBANIO POUSO ALEGRE,SG / SRAG,Ativo,28/04/2013,,1,10,Sul/Sudoeste de Minas,52,Pouso Alegre,2013-04-28,2013,152212,0
165,3154309,2168731,MG,31,Minas Gerais,315430,Resplendor,3106,HOSPITAL NOSSA SENHORA DO CARMO,SG / SRAG,Ativo,21/11/2021,,1,8,Vale do Rio Doce,41,Aimorés,2021-11-21,2021,17226,0
166,3168606,9250778,MG,31,Minas Gerais,316860,Teófilo Otoni,3111,POLO BASE TIPO II TEOFILO OTONI,SG,Ativo,21/11/2021,,1,4,Vale do Mucuri,15,Teófilo Otoni,2021-11-21,2021,137418,0
168,3170107,7093284,MG,31,Minas Gerais,317010,Uberaba,3112,UNIDADE PRONTO ATENDIMENTO DR HUMBERTO FERREIRA UPA MIRANTE,SG / SRAG,Ativo,13/02/2023,,1,5,Triângulo Mineiro/Alto Paranaíba,22,Uberaba,2023-02-13,2023,337846,0
169,3170206,2146355,MG,31,Minas Gerais,317020,Uberlândia,3113,HOSPITAL DE CLINICAS DE UBERLANDIA,SG / SRAG,Ativo,08/12/2021,,1,5,Triângulo Mineiro/Alto Paranaíba,18,Uberlândia,2021-08-12,2021,713232,0
170,3170701,7061773,MG,31,Minas Gerais,317070,Varginha,3101,UPA FRANCISCO CORREA DE CARVALHO,SG / SRAG,Ativo,01/12/2022,,1,10,Sul/Sudoeste de Minas,50,Varginha,2022-01-12,2022,136467,0
171,3200607,2770105,ES,32,Espírito Santo,320060,Aracruz,3208,UNIDADE BASICA DE SAUDE DE BELA VISTA,SG,Ativo,01/11/2020,,1,2,Litoral Norte Espírito-santense,6,Linhares,2020-01-11,2020,94765,0
172,3200904,2627833,ES,32,Espírito Santo,320090,Barra de São Francisco,3206,ESTRATEGIA DE SAUDE DA FAMILIA BAMBE CAMPO NOVO,SG,Ativo,28/04/2020,,1,1,Noroeste Espírito-santense,1,Barra de São Francisco,2020-04-28,2020,42498,0
173,3201308,2445166,ES,32,Espírito Santo,320130,Cariacica,3207,US JOAQUIM LOVATI SANTA FE,SG,Ativo,18/05/2020,,1,3,Central Espírito-santense,9,Vitória,2020-05-18,2020,353510,0
174,3201506,2446359,ES,32,Espírito Santo,320150,Colatina,3208,USF SAO SILVANO SILAS DE ALMEIDA REIS,SG,Ativo,01/01/2020,,1,1,Noroeste Espírito-santense,3,Colatina,2020-01-01,2020,119992,0
175,3204906,2484226,ES,32,Espírito Santo,320490,São Mateus,3206,US SAO MATEUS US3 CENTRO DE SAUDE,SG,Ativo,27/04/2020,,1,2,Litoral Norte Espírito-santense,5,São Mateus,2020-04-27,2020,123750,0
176,3204906,90506,ES,32,Espírito Santo,320490,São Mateus,3206,UNIDADE DE PRONTO ATENDIMENTO 24HS UPA,SG / SRAG,Ativo,01/01/2020,,1,2,Litoral Norte Espírito-santense,5,São Mateus,2020-01-01,2020,123750,0
177,3205002,9958762,ES,32,Espírito Santo,320500,Serra,3207,UPA 24 HORAS CASTELANDIA DR FERNANDO INACIO SANTORIO,SG / SRAG,Ativo,01/01/2020,,1,3,Central Espírito-santense,9,Vitória,2020-01-01,2020,520649,0
178,3205069,2403358,ES,32,Espírito Santo,320506,Venda Nova do Imigrante,3207,POLICLINICA DE VENDA NOVA DO IMIGRANTE,SG,Ativo,01/06/2020,,1,3,Central Espírito-santense,7,Afonso Cláudio,2020-01-06,2020,23831,0
179,3205200,6792782,ES,32,Espírito Santo,320520,Vila Velha,3207,PRONTO ATENDIMENTO DR ANTONIO BATALHA DE BARCELLOS PA GLORIA,SG / SRAG,Ativo,28/12/2018,,1,3,Central Espírito-santense,9,Vitória,2018-12-28,2018,467722,0
180,3205200,2358069,ES,32,Espírito Santo,320520,Vila Velha,3207,UNIDADE DE SAUDE DA FAMILIA VILA NOVA,SG,Ativo,25/03/2020,,1,3,Central Espírito-santense,9,Vitória,2020-03-25,2020,467722,0
181,3205309,2675110,ES,32,Espírito Santo,320530,Vitória,3207,PRONTO ATENDIMENTO PRAIA DO SUA,SG / SRAG,Ativo,13/08/2013,,1,3,Central Espírito-santense,9,Vitória,2013-08-13,2013,322869,1
182,3303302,12734,RJ,33,Rio de Janeiro,330330,Niterói,3311,POLICLINICA REGIONAL DO LARGO DA BATALHA,SG / SRAG,Ativo,08/04/2020,,1,6,Metropolitana do Rio de Janeiro,18,Rio de Janeiro,2020-08-04,2020,481758,0
183,3304557,6716849,RJ,33,Rio de Janeiro,330455,Rio de Janeiro,3311,SMS COORD DE EMERGENCIA REGIONAL CER LEBLON AP 21,SG / SRAG,Ativo,16/06/2019,,1,6,Metropolitana do Rio de Janeiro,18,Rio de Janeiro,2019-06-16,2019,6211423,1
184,3304557,5417708,RJ,33,Rio de Janeiro,330455,Rio de Janeiro,3311,SMS CF SOUZA MARQUES AP 33,SG,Ativo,17/03/2020,,1,6,Metropolitana do Rio de Janeiro,18,Rio de Janeiro,2020-03-17,2020,6211423,1
185,3304557,2270420,RJ,33,Rio de Janeiro,330455,Rio de Janeiro,3311,SMS CMS WALDYR FRANCO AP 51,SG,Ativo,17/03/2020,,1,6,Metropolitana do Rio de Janeiro,18,Rio de Janeiro,2020-03-17,2020,6211423,1
186,3304557,2269554,RJ,33,Rio de Janeiro,330455,Rio de Janeiro,3311,SMS CMS BELIZARIO PENNA AP 52,SG,Ativo,10/05/2021,,1,6,Metropolitana do Rio de Janeiro,18,Rio de Janeiro,2021-10-05,2021,6211423,1
187,3304557,2291274,RJ,33,Rio de Janeiro,330455,Rio de Janeiro,3311,SMS CMS JOSE MESSIAS DO CARMO AP 10,SG,Ativo,02/05/2021,,1,6,Metropolitana do Rio de Janeiro,18,Rio de Janeiro,2021-02-05,2021,6211423,1
188,3304557,3784975,RJ,33,Rio de Janeiro,330455,Rio de Janeiro,3311,SMS CF ZILDA ARNS AP 31,SG,Ativo,04/01/2021,,1,6,Metropolitana do Rio de Janeiro,18,Rio de Janeiro,2021-04-01,2021,6211423,1
189,3304557,6581994,RJ,33,Rio de Janeiro,330455,Rio de Janeiro,3311,SMS CF JOSE ANTONIO CIRAUDO AP 53,SG,Ativo,04/01/2021,,1,6,Metropolitana do Rio de Janeiro,18,Rio de Janeiro,2021-04-01,2021,6211423,1
190,3304557,2296543,RJ,33,Rio de Janeiro,330455,Rio de Janeiro,3311,SMS CMS JORGE SALDANHA BANDEIRA DE MELLO AP 40,SG,Ativo,10/05/2021,,1,6,Metropolitana do Rio de Janeiro,18,Rio de Janeiro,2021-10-05,2021,6211423,1
191,3304557,7414226,RJ,33,Rio de Janeiro,330455,Rio de Janeiro,3312,SMS CMS HELIO PELLEGRINO AP 22,SG,Ativo,27/01/2023,,1,6,Metropolitana do Rio de Janeiro,18,Rio de Janeiro,2023-01-27,2023,6211423,1
192,3304557,932280,RJ,33,Rio de Janeiro,330455,Rio de Janeiro,3312,SMS UPA 24H DEL CASTILHO AP 32,SG,Ativo,18/03/2023,,1,6,Metropolitana do Rio de Janeiro,18,Rio de Janeiro,2023-03-18,2023,6211423,1
193,3506003,7206771,SP,35,São Paulo,350600,Bauru,3518,UPA GEISEL,SG / SRAG,Ativo,30/12/2018,,1,4,Bauru,20,Bauru,2018-12-30,2018,379146,0
194,3509502,5874998,SP,35,São Paulo,350950,Campinas,3528,UNIDADE DE PRONTO ATENDIMENTO DR SERGIO AROUCA CAMPO GRANDE,SG / SRAG,Ativo,07/04/2013,,1,7,Campinas,32,Campinas,2013-07-04,2013,1138309,0
195,3509502,2081490,SP,35,São Paulo,350950,Campinas,3528,HOSPITAL MUNICIPAL DR MARIO GATTI CAMPINAS,SG / SRAG,Ativo,17/03/2013,,1,7,Campinas,32,Campinas,2013-03-17,2013,1138309,0
196,3518800,2080338,SP,35,São Paulo,351880,Guarulhos,3525,HOSPITAL GERAL DE GUARULHOS PROF DR WALDEMAR DE CARVALHO,SG / SRAG,Ativo,28/04/2013,,1,15,Metropolitana de São Paulo,59,Guarulhos,2013-04-28,2013,1291784,0
197,3518800,2080427,SP,35,São Paulo,351880,Guarulhos,3525,HOSPITAL MUNICIPAL DA CRIANCA E DO ADOLESCENTE HMCA,SG / SRAG,Ativo,28/12/2018,,1,15,Metropolitana de São Paulo,59,Guarulhos,2018-12-28,2018,1291784,0
198,3529401,6950043,SP,35,São Paulo,352940,Mauá,3534,UPA VILA ASSIS,SG / SRAG,Ativo,10/01/2016,,1,15,Metropolitana de São Paulo,61,São Paulo,2016-10-01,2016,418261,0
199,3530607,2080052,SP,35,São Paulo,353060,Mogi das Cruzes,3525,HOSPITAL NOSSA SENHORA APARECIDA,SG / SRAG,Ativo,18/03/2013,,1,15,Metropolitana de São Paulo,62,Mogi das Cruzes,2013-03-18,2013,449955,0
200,3534401,8028,SP,35,São Paulo,353440,Osasco,3522,HOSPITAL MUNICIPAL ANTONIO GIGLIO,SG / SRAG,Ativo,24/03/2013,,1,15,Metropolitana de São Paulo,57,Osasco,2013-03-24,2013,743432,0
201,3543402,7038747,SP,35,São Paulo,354340,Ribeirão Preto,3530,UPA DR LUIS ATILIO LOSI VIANA RIBEIRAO PRETO,SG / SRAG,Ativo,28/12/2018,,1,2,Ribeirão Preto,14,Ribeirão Preto,2018-12-28,2018,698259,0
202,3547809,7021461,SP,35,São Paulo,354780,Santo André,3534,UPA SACADURA CABRAL,SG / SRAG,Ativo,17/05/2015,,1,15,Metropolitana de São Paulo,61,São Paulo,2015-05-17,2015,748919,0
203,3548500,102229,SP,35,São Paulo,354850,Santos,3520,UNIDADE DE PRONTO ATENDIMENTO DA ZONA LESTE UPA ZL,SG,Ativo,04/07/2021,,1,15,Metropolitana de São Paulo,63,Santos,2021-04-07,2021,418608,0
204,3548708,6535798,SP,35,São Paulo,354870,São Bernardo do Campo,3534,UPA DEMARCHI BATISTINI,SG / SRAG,Ativo,30/11/2014,,1,15,Metropolitana de São Paulo,61,São Paulo,2014-11-30,2014,810729,0
205,3549805,7706766,SP,35,São Paulo,354980,São José do Rio Preto,3531,UPA TANGARA ESTORIL,SG / SRAG,Ativo,30/12/2018,,1,1,São José do Rio Preto,4,São José do Rio Preto,2018-12-30,2018,480439,0
206,3550308,3212130,SP,35,São Paulo,355030,São Paulo,3521,HOSP MUN VER JOSE STOROPOLLI,SG / SRAG,Ativo,17/03/2013,,1,15,Metropolitana de São Paulo,61,São Paulo,2013-03-17,2013,11451245,1
207,3550308,2078325,SP,35,São Paulo,355030,São Paulo,3521,HOSP MUN INFANTIL MENINO JESUS,SG / SRAG,Ativo,18/03/2013,,1,15,Metropolitana de São Paulo,61,São Paulo,2013-03-18,2013,11451245,1
208,3550308,6133622,SP,35,São Paulo,355030,São Paulo,3521,AMA SACOMA,SG / SRAG,Ativo,01/06/2014,,1,15,Metropolitana de São Paulo,61,São Paulo,2014-01-06,2014,11451245,1
209,3550308,6131662,SP,35,São Paulo,355030,São Paulo,3521,AMA PARQUE FERNANDA,SG / SRAG,Ativo,01/06/2014,,1,15,Metropolitana de São Paulo,61,São Paulo,2014-01-06,2014,11451245,1
210,3550308,6998208,SP,35,São Paulo,355030,São Paulo,3521,AMA SOROCABANA,SG / SRAG,Ativo,01/06/2014,,1,15,Metropolitana de São Paulo,61,São Paulo,2014-01-06,2014,11451245,1
211,3550308,2787555,SP,35,São Paulo,355030,São Paulo,3521,AMA UBS INTEGRADA JARDIM LADEIRA ROSA,SG,Ativo,20/03/2020,,1,15,Metropolitana de São Paulo,61,São Paulo,2020-03-20,2020,11451245,1
212,3550308,9971513,SP,35,São Paulo,355030,São Paulo,3521,UPA ERMELINO MATARAZZO,SG / SRAG,Ativo,09/04/2020,,1,15,Metropolitana de São Paulo,61,São Paulo,2020-09-04,2020,11451245,1
213,3552205,7792522,SP,35,São Paulo,355220,Sorocaba,3519,UPA EDEN SOROCABA,SG / SRAG,Ativo,30/12/2018,,1,12,Macro Metropolitana Paulista,46,Sorocaba,2018-12-30,2018,723574,0
214,3554102,4050665,SP,35,São Paulo,355410,Taubaté,3526,PRONTO SOCORRO MUNICIPAL DE TAUBATE,SG / SRAG,Ativo,05/05/2013,,1,13,Vale do Paraíba Paulista,50,São José dos Campos,2013-05-05,2013,310739,0
215,4101408,6972497,PR,41,Paraná,410140,Apucarana,4105,UPA UNIDADE DE PRONTO ATENDIMENTO DE APUCARANA PR,SG / SRAG,Ativo,03/04/2023,,1,3,Norte Central Paranaense,10,Apucarana,2023-03-04,2023,130134,0
216,4103701,7326823,PR,41,Paraná,410370,Cambé,4105,UNIDADE DE PRONTO ATENDIMENTO SILVIA MANTOVANI,SG / SRAG,Ativo,03/08/2014,,1,3,Norte Central Paranaense,11,Londrina,2014-03-08,2014,107208,0
217,4104204,9358714,PR,41,Paraná,410420,Campo Largo,4107,UPA 24H CAMPO LARGO,SG,Ativo,26/05/2022,,1,10,Metropolitana de Curitiba,37,Curitiba,2022-05-26,2022,136327,0
218,4104303,9434674,PR,41,Paraná,410430,Campo Mourão,4106,UNIDADE DE PRONTO ATENDIMENTO UPA DE CAMPO MOURAO,SG / SRAG,Ativo,16/01/2020,,1,2,Centro Ocidental Paranaense,5,Campo Mourão,2020-01-16,2020,99432,0
219,4104808,2738864,PR,41,Paraná,410480,Cascavel,4108,UPA VENEZA,SG / SRAG,Ativo,12/05/2013,,1,6,Oeste Paranaense,23,Cascavel,2013-12-05,2013,348051,0
220,4104808,3293262,PR,41,Paraná,410480,Cascavel,4108,UPA BRASILIA,SG / SRAG,Ativo,19/05/2013,,1,6,Oeste Paranaense,23,Cascavel,2013-05-19,2013,348051,0
221,4104808,7119097,PR,41,Paraná,410480,Cascavel,4108,UPA TANCREDO NEVES,SG / SRAG,Ativo,19/05/2013,,1,6,Oeste Paranaense,23,Cascavel,2013-05-19,2013,348051,0
222,4104907,6914624,PR,41,Paraná,410490,Castro,4107,UNIDADE DE PRONTO ATENDIMENTO MOACIR ELIAS FADEL,SG / SRAG,Ativo,15/04/2013,,1,5,Centro Oriental Paranaense,21,Ponta Grossa,2013-04-15,2013,73044,0
223,4105508,9000739,PR,41,Paraná,410550,Cianorte,4106,UPA FAUSTINO BONGIORNO,SG,Ativo,05/04/2020,,1,1,Noroeste Paranaense,3,Cianorte,2020-05-04,2020,79527,0
224,4106407,2576988,PR,41,Paraná,410640,Cornélio Procópio,4105,POSTO DE SAUDE DA VILA SANTA TEREZINHA,SG,Ativo,29/03/2020,,1,4,Norte Pioneiro Paranaense,15,Cornélio Procópio,2020-03-29,2020,45206,0
225,4106902,5323495,PR,41,Paraná,410690,Curitiba,4107,UPA CIDADE INDUSTRIAL,SG / SRAG,Ativo,28/04/2013,,1,10,Metropolitana de Curitiba,37,Curitiba,2013-04-28,2013,1773733,1
226,4106902,5323436,PR,41,Paraná,410690,Curitiba,4107,UPA CAJURU,SG / SRAG,Ativo,28/04/2013,,1,10,Metropolitana de Curitiba,37,Curitiba,2013-04-28,2013,1773733,1
227,4106902,2639548,PR,41,Paraná,410690,Curitiba,4107,UPA CAMPO COMPRIDO,SG / SRAG,Ativo,28/04/2013,,1,10,Metropolitana de Curitiba,37,Curitiba,2013-04-28,2013,1773733,1
228,4108304,6613136,PR,41,Paraná,410830,Foz do Iguaçu,4108,UNIDADE DE PRONTO ATENDIMENTO JOAO SAMEK,SG / SRAG,Ativo,08/02/2022,,1,6,Oeste Paranaense,24,Foz do Iguaçu,2022-08-02,2022,285415,0
229,4108403,7790767,PR,41,Paraná,410840,Francisco Beltrão,4108,UPA 24 HORAS,SG / SRAG,Ativo,12/11/2017,,1,7,Sudoeste Paranaense,26,Francisco Beltrão,2017-12-11,2017,96666,0
230,4109401,2742853,PR,41,Paraná,410940,Guarapuava,4107,UNIDADE DE PRONTO ATENDIMENTO TRIANON,SG / SRAG,Ativo,15/04/2013,,1,8,Centro-Sul Paranaense,29,Guarapuava,2013-04-15,2013,182093,0
231,4109401,7463227,PR,41,Paraná,410940,Guarapuava,4107,UPA 24H BATEL,SG / SRAG,Ativo,06/07/2014,,1,8,Centro-Sul Paranaense,29,Guarapuava,2014-06-07,2014,182093,0
232,4110706,221821,PR,41,Paraná,411070,Irati,4107,PRONTO ATENDIMENTO MUNICIPAL DE IRATI,SG / SRAG,Ativo,21/09/2021,,1,9,Sudeste Paranaense,32,Irati,2021-09-21,2021,59250,0
233,4111506,2590727,PR,41,Paraná,411150,Ivaiporã,4105,HOSPITAL BOM JESUS,SG / SRAG,Ativo,14/04/2013,,1,3,Norte Central Paranaense,13,Ivaiporã,2013-04-14,2013,32720,0
234,4111803,2783991,PR,41,Paraná,411180,Jacarezinho,4105,CENTRO DE SAUDE,SG / SRAG,Ativo,05/02/2018,,1,4,Norte Pioneiro Paranaense,16,Jacarezinho,2018-05-02,2018,40375,0
235,4113700,2579332,PR,41,Paraná,411370,Londrina,4105,PAI PRONTO ATENDIMENTO INFANTIL,SG / SRAG,Ativo,28/04/2013,,1,3,Norte Central Paranaense,11,Londrina,2013-04-28,2013,555937,0
236,4113700,7037112,PR,41,Paraná,411370,Londrina,4105,UPA SABARA,SG / SRAG,Ativo,28/12/2018,,1,3,Norte Central Paranaense,11,Londrina,2018-12-28,2018,555937,0
237,4115200,6986609,PR,41,Paraná,411520,Maringá,4106,UNIDADE DE PRONTO ATENDIMENTO UPA ZONA SUL,SG / SRAG,Ativo,01/06/2015,,1,3,Norte Central Paranaense,9,Maringá,2015-01-06,2015,409657,0
238,4118204,5529212,PR,41,Paraná,411820,Paranaguá,4107,CENTRO DE ESPECIALIDADES E DIAGNOSTICO JOAO PAULO II,SG,Ativo,11/07/2020,,1,10,Metropolitana de Curitiba,38,Paranaguá,2020-11-07,2020,145829,0
239,4118402,4054784,PR,41,Paraná,411840,Paranavaí,4106,UNIDADE PRONTO ATENDIMENTO UPA 24,SG / SRAG,Ativo,12/05/2013,,1,1,Noroeste Paranaense,1,Paranavaí,2013-12-05,2013,91950,0
241,4118501,7759967,PR,41,Paraná,411850,Pato Branco,4108,UPA 24 HORAS MARIA ITALIA FREDDO,SG / SRAG,Ativo,02/07/2017,,1,7,Sudoeste Paranaense,27,Pato Branco,2017-02-07,2017,91836,0
242,4119152,2822318,PR,41,Paraná,411915,Pinhais,4107,UNIDADE DE PRONTO ATENDIMENTO 24 HORAS,SG / SRAG,Ativo,28/12/2018,,1,10,Metropolitana de Curitiba,37,Curitiba,2018-12-28,2018,127019,0
243,4119905,7549156,PR,41,Paraná,411990,Ponta Grossa,4107,UNIDADE DE PRONTO ATENDIMENTO UPA SANTA PAULA,SG / SRAG,Ativo,13/05/2021,,1,5,Centro Oriental Paranaense,21,Ponta Grossa,2021-05-13,2021,358367,0
244,4125506,6849636,PR,41,Paraná,412550,São José dos Pinhais,4107,UPA AFONSO PENA,SG / SRAG,Ativo,28/12/2018,,1,10,Metropolitana de Curitiba,37,Curitiba,2018-12-28,2018,329222,0
245,4126256,7023049,PR,41,Paraná,412625,Sarandi,4106,UPA 24 HS GUSTAVO FARIAS,SG / SRAG,Ativo,01/01/2013,,1,3,Norte Central Paranaense,9,Maringá,2013-01-01,2013,118455,0
246,4127106,7914067,PR,41,Paraná,412710,Telêmaco Borba,4107,UNIDADE DE PRONTO ATENDIMENTO,SG / SRAG,Ativo,29/03/2020,,1,5,Centro Oriental Paranaense,19,Telêmaco Borba,2020-03-29,2020,75042,0
247,4127700,4056698,PR,41,Paraná,412770,Toledo,4108,PRONTO ATENDIMENTO 24 HORAS DR JORGE MILTON NUNES,SG / SRAG,Ativo,28/12/2018,,1,6,Oeste Paranaense,22,Toledo,2018-12-28,2018,150470,0
248,4128104,2620855,PR,41,Paraná,412810,Umuarama,4106,PRONTO ATENDIMENTO MUNICIPAL,SG / SRAG,Ativo,28/12/2018,,1,1,Noroeste Paranaense,2,Umuarama,2018-12-28,2018,117095,0
249,4128203,9125582,PR,41,Paraná,412820,União da Vitória,4107,UPA 24H,SG / SRAG,Ativo,12/11/2017,,1,9,Sudeste Paranaense,33,União da Vitória,2017-12-11,2017,55033,0
250,4202008,6854729,SC,42,Santa Catarina,420200,Balneário Camboriú,4215,HOSPITAL MUNICIPAL RUTH CARDOSO,SG / SRAG,Ativo,28/12/2018,,1,4,Vale do Itajaí,13,Itajaí,2018-12-28,2018,139155,0
251,4204202,3607275,SC,42,Santa Catarina,420420,Chapecó,4213,PRONTO ATENDIMENTO GRANDE EFAPI,SG,Ativo,26/04/2022,,1,1,Oeste Catarinense,2,Chapecó,2022-04-26,2022,254781,0
252,4204301,8000883,SC,42,Santa Catarina,420430,Concórdia,4212,ESF GUILHERME REICH,SG,Ativo,27/10/2020,,1,1,Oeste Catarinense,5,Concórdia,2020-10-27,2020,81646,0
254,4204608,2419858,SC,42,Santa Catarina,420460,Criciúma,4210,UNIDADE BASICA DE SAUDE BOA VISTA,SG,Ativo,17/02/2023,,1,6,Sul Catarinense,19,Criciúma,2023-02-17,2023,214493,0
255,4205001,2378701,SC,42,Santa Catarina,420500,Dionísio Cerqueira,4213,UNIDADE SAUDE DA FAMILIA SEDE DE DIONISIO CERQUEIRA,SG,Ativo,01/05/2023,,1,1,Oeste Catarinense,1,São Miguel do Oeste,2023-01-05,2023,15008,0
256,4205407,5989442,SC,42,Santa Catarina,420540,Florianópolis,4214,UNIDADE DE PRONTO ATENDIMENTO UPA SUL DA ILHA,SG / SRAG,Ativo,20/05/2013,,1,5,Grande Florianópolis,16,Florianópolis,2013-05-20,2013,537213,1
257,4209003,2560658,SC,42,Santa Catarina,420900,Joaçaba,4212,ESF CENTRO 1,SG,Ativo,27/10/2020,,1,1,Oeste Catarinense,4,Joaçaba,2020-10-27,2020,30146,0
258,4209102,6439993,SC,42,Santa Catarina,420910,Joinville,4211,UPA 24 HORAS AVENTUREIRO,SG / SRAG,Ativo,26/06/2013,,1,2,Norte Catarinense,8,Joinville,2013-06-26,2013,616323,0
259,4209300,9944532,SC,42,Santa Catarina,420930,Lages,4212,UPA DRA MARIA GORETE DOS SANTOS,SG,Ativo,07/04/2021,,1,3,Serrana,10,Campos de Lages,2021-07-04,2021,164981,0
260,4210100,6589839,SC,42,Santa Catarina,421010,Mafra,4211,SECRETARIA MUNICIPAL DE SAUDE DE MAFRA,SG,Ativo,26/02/2019,,1,2,Norte Catarinense,6,Canoinhas,2019-02-26,2019,55286,0
261,4216602,2555646,SC,42,Santa Catarina,421660,São José,4214,HOSPITAL REGIONAL DE SAO JOSE DRHOMERO MIRANDA GOMES,SG / SRAG,Ativo,13/05/2013,,1,5,Grande Florianópolis,16,Florianópolis,2013-05-13,2013,270295,0
262,4304606,7054254,RS,43,Rio Grande do Sul,430460,Canoas,4313,UPA 24 HORAS RIO BRANCO,SG / SRAG,Ativo,30/12/2012,,1,5,Metropolitana de Porto Alegre,26,Porto Alegre,2012-12-30,2012,347657,0
263,4305108,7492359,RS,43,Rio Grande do Sul,430510,Caxias do Sul,4310,UPA ZONA NORTE,SG / SRAG,Ativo,11/03/2019,,1,2,Nordeste Rio-grandense,16,Caxias do Sul,2019-11-03,2019,463338,0
264,4314100,2246139,RS,43,Rio Grande do Sul,431410,Passo Fundo,4311,ESF SAO LUIZ GONZAGA PMPF,SG,Ativo,12/02/2023,,1,1,Noroeste Rio-grandense,10,Passo Fundo,2023-12-02,2023,206224,0
265,4314407,2253046,RS,43,Rio Grande do Sul,431440,Pelotas,4309,UCPEL HOSPITAL UNIVERSITARIO SAO FRANCISCO DE PAULA,SG / SRAG,Ativo,03/05/2013,,1,7,Sudeste Rio-grandense,33,Pelotas,2013-03-05,2013,325689,0
266,4314407,7515618,RS,43,Rio Grande do Sul,431440,Pelotas,4309,APAC UCPEL PRONTO ATENDIMENTO,SG,Ativo,06/07/2022,,1,7,Sudeste Rio-grandense,33,Pelotas,2022-06-07,2022,325689,0
267,4314902,7114893,RS,43,Rio Grande do Sul,431490,Porto Alegre,4313,UNIDADE DE PRONTO ATENDIMENTO ZONA NORTE MOACYR SCLIAR,SG / SRAG,Ativo,16/06/2013,,1,5,Metropolitana de Porto Alegre,26,Porto Alegre,2013-06-16,2013,1332570,1
268,4316907,7015887,RS,43,Rio Grande do Sul,431690,Santa Maria,4314,UPA 24 H SANTA MARIA RS,SG / SRAG,Ativo,28/12/2018,,1,3,Centro Ocidental Rio-grandense,18,Santa Maria,2018-12-28,2018,271633,0
269,4322400,2248190,RS,43,Rio Grande do Sul,432240,Uruguaiana,4314,SANTA CASA DE URUGUAIANA,SG / SRAG,Ativo,07/04/2013,,1,6,Sudoeste Rio-grandense,29,Campanha Ocidental,2013-07-04,2013,117210,0
270,5002704,10049,MS,50,Mato Grosso do Sul,500270,Campo Grande,5008,SESAU UPA DR WALFRIDO ARRUDA CORONEL ANTONINO,SG / SRAG,Ativo,28/12/2018,,1,2,Centro Norte de Mato Grosso do Sul,4,Campo Grande,2018-12-28,2018,897938,1
271,5002704,10111,MS,50,Mato Grosso do Sul,500270,Campo Grande,5008,SESAU CRS DR WALDECK FLETNER DE CASTRO MAIA COOPHAVILA II,SG / SRAG,Ativo,29/12/2018,,1,2,Centro Norte de Mato Grosso do Sul,4,Campo Grande,2018-12-29,2018,897938,1
272,5003207,2558815,MS,50,Mato Grosso do Sul,500320,Corumbá,5007,PRONTO SOCORRO MUNICIPAL DR ROGERIO TAKAKI BENTO,SG / SRAG,Ativo,28/12/2018,,1,1,Pantanais Sul Mato-grossense,1,Baixo Pantanal,2018-12-28,2018,96268,0
273,5003306,6426190,MS,50,Mato Grosso do Sul,500330,Coxim,5008,HOSPITAL REGIONAL DR ALVARO FONTOURA SILVA,SG / SRAG,Ativo,28/12/2018,,1,2,Centro Norte de Mato Grosso do Sul,3,Alto Taquari,2018-12-28,2018,32151,0
274,5003702,2711109,MS,50,Mato Grosso do Sul,500370,Dourados,5006,UNIDADE BASICA DE SAUDE BIANOR ALVES DA SILVA SELETA,SG,Ativo,25/08/2022,,1,4,Sudoeste de Mato Grosso do Sul,10,Dourados,2022-08-25,2022,243368,0
275,5005707,2710498,MS,50,Mato Grosso do Sul,500570,Naviraí,5006,HOSPITAL MUNICIPAL DE NAVIRAI,SG / SRAG,Ativo,28/12/2018,,1,4,Sudoeste de Mato Grosso do Sul,11,Iguatemi,2018-12-28,2018,50457,0
276,5006606,2651564,MS,50,Mato Grosso do Sul,500660,Ponta Porã,5006,CENTRO INTEGRADO DE SAUDE CIS TERTULIANA DE FREITAS,SG,Ativo,01/06/2022,,1,4,Sudoeste de Mato Grosso do Sul,10,Dourados,2022-01-06,2022,92017,0
277,5008305,7433530,MS,50,Mato Grosso do Sul,500830,Três Lagoas,5005,UPA UNIDADE DE PRONTO ATENDIMENTO 24H,SG / SRAG,Ativo,20/11/2019,,1,3,Leste de Mato Grosso do Sul,7,Três Lagoas,2019-11-20,2019,132152,0
278,5103403,2393735,MT,51,Mato Grosso,510340,Cuiabá,5105,SECRETARIA MUNICIPAL DE SAUDE DE CUIABA,SG / SRAG,Ativo,25/07/2017,,1,4,Centro-Sul Mato-grossense,17,Cuiabá,2017-07-25,2017,650912,1
279,5201108,7529368,GO,52,Goiás,520110,Anápolis,5209,UPA III DR ALAIR MAFRA ANAPOLIS GOIAS,SG / SRAG,Ativo,16/02/2017,,1,3,Centro Goiano,7,Anápolis,2017-02-16,2017,398817,0
280,5201405,9135944,GO,52,Goiás,520140,Aparecida de Goiânia,5210,UPA FLAMBOYANT,SG / SRAG,Ativo,25/01/2021,,1,3,Centro Goiano,10,Goiânia,2021-01-25,2021,527550,0
281,5204508,210188,GO,52,Goiás,520450,Caldas Novas,5210,HOSPITAL DE RETAGUARDA WALDO MACHADO XAVIER,SG,Ativo,14/01/2022,,1,5,Sul Goiano,15,Meia Ponte,2022-01-14,2022,98622,0
282,5204904,2383233,GO,52,Goiás,520490,Campos Belos,5207,HOSPITAL MUNICIPAL DE CAMPOS BELOS,SG,Ativo,24/01/2022,,1,2,Norte Goiano,5,Chapada dos Veadeiros,2022-01-24,2022,18108,0
283,5208608,7779461,GO,52,Goiás,520860,Goianésia,5209,UNIDADE DE PRONTO ATENDIMENTO WALTER AUGUSTO FERNANDES,SG / SRAG,Ativo,28/12/2018,,1,3,Centro Goiano,6,Ceres,2018-12-28,2018,73708,0
284,5208707,2339528,GO,52,Goiás,520870,Goiânia,5208,UPA DR DOMINGOS VIGGIANO UPA JARDIM AMERICA,SG / SRAG,Ativo,30/03/2014,,1,3,Centro Goiano,10,Goiânia,2014-03-30,2014,1437237,1
285,5208707,2339552,GO,52,Goiás,520870,Goiânia,5208,UPA PAULO DE SIQUEIRA GARCIA CHACARA DO GOVERNADOR,SG / SRAG,Ativo,16/07/2017,,1,3,Centro Goiano,10,Goiânia,2017-07-16,2017,1437237,1
286,5208707,2506327,GO,52,Goiás,520870,Goiânia,5208,CAIS VILA NOVA,SG / SRAG,Ativo,28/12/2018,,1,3,Centro Goiano,10,Goiânia,2018-12-28,2018,1437237,1
287,5208707,7821379,GO,52,Goiás,520870,Goiânia,5208,UPA MARIA PIRES PERILLO UPA NOROESTE,SG / SRAG,Ativo,28/12/2018,,1,3,Centro Goiano,10,Goiânia,2018-12-28,2018,1437237,1
288,5208707,2339412,GO,52,Goiás,520870,Goiânia,5208,CIAMS NOVO HORIZONTE,SG / SRAG,Ativo,03/07/2021,,1,3,Centro Goiano,10,Goiânia,2021-03-07,2021,1437237,1
289,5208905,2652137,GO,52,Goiás,520890,Goiás,5208,UNIDADE BASICA DE SAUDE DR ALTAIR VELOSO,SG,Ativo,24/01/2022,,1,1,Noroeste Goiano,2,Rio Vermelho,2022-01-24,2022,24071,0
290,5210208,9541004,GO,52,Goiás,521020,Iporá,5208,UNIDADE DE PRONTO ATENDIMENTO,SG / SRAG,Ativo,28/12/2018,,1,3,Centro Goiano,8,Iporá,2018-12-28,2018,35684,0
291,5211503,9211349,GO,52,Goiás,521150,Itumbiara,5210,UPA 24 HORAS DR CIRO GARCIA,SG,Ativo,24/01/2022,,1,5,Sul Goiano,15,Meia Ponte,2022-01-24,2022,107970,0
292,5212501,7883668,GO,52,Goiás,521250,Luziânia,5207,UNIDADE DE PRONTO ATENDIMENTO DE LUZIANIA UPA,SG / SRAG,Ativo,28/12/2018,,1,4,Leste Goiano,12,Entorno de Brasília,2018-12-28,2018,208725,0
293,5213103,7813767,GO,52,Goiás,521310,Mineiros,5206,UNIDADE DE PRONTO ATENDIMENTO UPA 24 HORAS,SG / SRAG,Ativo,28/12/2018,,1,5,Sul Goiano,13,Sudoeste de Goiás,2018-12-28,2018,70073,0
294,5217302,2437783,GO,52,Goiás,521730,Pirenópolis,5209,HOSPITAL ESTADUAL DE PIRENOPOLIS ERNESTINA LOPES JAIME,SG / SRAG,Ativo,28/12/2018,,1,4,Leste Goiano,12,Entorno de Brasília,2018-12-28,2018,26690,0
295,5217609,2437651,GO,52,Goiás,521760,Planaltina,5207,HOSPITAL MUNICIPAL MATERNO INFANTIL SANTA RITA DE CASSIA,SG / SRAG,Ativo,28/12/2018,,1,4,Leste Goiano,12,Entorno de Brasília,2018-12-28,2018,105031,0
296,5218003,110140,GO,52,Goiás,521800,Porangatu,5209,CENTRO DE ESPECIALIDADE MEDICAS,SG,Ativo,24/01/2022,,1,2,Norte Goiano,4,Porangatu,2022-01-24,2022,44317,0
297,5218300,207632,GO,52,Goiás,521830,Posse,5207,CENTRO DE ENFRENTAMENTO DA COVID 19,SG,Ativo,23/01/2022,,1,4,Leste Goiano,11,Vão do Paranã,2022-01-23,2022,34914,0
298,5218607,2519569,GO,52,Goiás,521860,Rialma,5209,HOSPITAL MUNICIPAL NOSSA SRA DAS GRACAS RIALMA,SG / SRAG,Ativo,28/12/2018,,1,3,Centro Goiano,6,Ceres,2018-12-28,2018,12165,0
299,5218805,6834477,GO,52,Goiás,521880,Rio Verde,5206,UPA DR JOSE POVOA MENDES,SG / SRAG,Ativo,28/12/2018,,1,5,Sul Goiano,13,Sudoeste de Goiás,2018-12-28,2018,225696,0
300,5300108,10472,DF,53,Distrito Federal,530010,Brasília,5302,HRG,SG / SRAG,Ativo,09/12/2013,,1,1,Distrito Federal,1,Brasília,2013-09-12,2013,2817068,1
301,5300108,3048551,DF,53,Distrito Federal,530010,Brasília,5302,HOSPITAL BRASILIA,SG / SRAG,Ativo,21/06/2015,,1,1,Distrito Federal,1,Brasília,2015-06-21,2015,2817068,1
302,5300108,10464,DF,53,Distrito Federal,530010,Brasília,5302,HRAN,SG / SRAG,Ativo,28/12/2018,,1,1,Distrito Federal,1,Brasília,2018-12-28,2018,2817068,1
303,5300108,10499,DF,53,Distrito Federal,530010,Brasília,5302,HRT HOSPITAL REGIONAL DE TAGUATINGA,SG / SRAG,Ativo,28/12/2018,,1,1,Distrito Federal,1,Brasília,2018-12-28,2018,2817068,1
304,5300108,10537,DF,53,Distrito Federal,530010,Brasília,5302,HOSPITAL MATERNO INFANTIL DR ANTONIO LISBOA,SG / SRAG,Ativo,28/12/2018,,1,1,Distrito Federal,1,Brasília,2018-12-28,2018,2817068,1
305,5300108,5717515,DF,53,Distrito Federal,530010,Brasília,5302,HRSM,SG / SRAG,Ativo,28/12/2018,,1,1,Distrito Federal,1,Brasília,2018-12-28,2018,2817068,1
306,5300108,7111924,DF,53,Distrito Federal,530010,Brasília,5302,UPA NUCLEO BANDEIRANTE,SG / SRAG,Ativo,28/12/2018,,1,1,Distrito Federal,1,Brasília,2018-12-28,2018,2817068,1
307,5300108,7465157,DF,53,Distrito Federal,530010,Brasília,5302,UNIDADE DE PRONTO ATENDIMENTO CEILANDIA,SG / SRAG,Ativo,28/12/2018,,1,1,Distrito Federal,1,Brasília,2018-12-28,2018,2817068,1
308,5300108,9699848,DF,53,Distrito Federal,530010,Brasília,5302,HOSPITAL SANTA LUCIA NORTE,SG / SRAG,Ativo,18/10/2019,,1,1,Distrito Federal,1,Brasília,2019-10-18,2019,2817068,1
309,5300108,6216021,DF,53,Distrito Federal,530010,Brasília,5302,UBS 5 PLANALTINA,SG,Ativo,01/04/2020,,1,1,Distrito Federal,1,Brasília,2020-01-04,2020,2817068,1
310,5300108,10634,DF,53,Distrito Federal,530010,Brasília,5302,UBS 1 PARANOA,SG,Ativo,01/04/2020,,1,1,Distrito Federal,1,Brasília,2020-01-04,2020,2817068,1
311,5300108,10782,DF,53,Distrito Federal,530010,Brasília,5302,UBS 1 SANTA MARIA,SG,Ativo,01/04/2020,,1,1,Distrito Federal,1,Brasília,2020-01-04,2020,2817068,1
312,5300108,10723,DF,53,Distrito Federal,530010,Brasília,5302,UBS 2 ASA NORTE,SG,Ativo,01/04/2020,,1,1,Distrito Federal,1,Brasília,2020-01-04,2020,2817068,1
313,5300108,2617293,DF,53,Distrito Federal,530010,Brasília,5302,UBS 12 CEILANDIA,SG,Ativo,28/04/2020,,1,1,Distrito Federal,1,Brasília,2020-04-28,2020,2817068,1
314,5300108,9480587,DF,53,Distrito Federal,530010,Brasília,5302,UBS 12 SAMAMBAIA,SG,Ativo,28/04/2020,,1,1,Distrito Federal,1,Brasília,2020-04-28,2020,2817068,1
